Price,Close,Close,Close,Close,High,High,High,High,Low,Low,Low,Low,Open,Open,Open,Open
Ticker,AMZN,GOOG,META,NVDA,AMZN,GOOG,META,NVDA,AMZN,GOOG,META,NVDA,AMZN,GOOG,META,NVDA
Date,,,,,,,,,,,,,,,,
2024-03-28,180.3800048828125,151.542236328125,483.81494140625,90.3263168334961,181.6999969482422,151.9503072206797,491.0983981037076,91.2700069314821,179.25999450683594,150.61662766569765,483.38651172011987,89.163696917333,180.1699981689453,151.28346744318867,491.0485616057965,89.97043098866838
2024-04-01,180.97000122070312,155.76223754882812,489.5639953613281,90.33331298828125,183.0,156.25988048029402,495.62188175816783,92.1947007975338,179.9499969482422,150.93509503886602,480.0287741074697,89.17469715880289,180.7899932861328,151.11425439135942,485.4290862996602,90.26933865065378
2024-04-02,180.69000244140625,155.1352081298828,495.5621032714844,89.42261505126953,180.7899932861328,155.25465276475865,495.7215253357514,90.06440242112468,178.3800048828125,152.7365806566567,482.8883380254279,87.59121620163441,179.07000732421875,154.02049278342562,483.3367144815945,88.41893947358703
2024-04-03,182.41000366210938,155.6328582763672,504.8980712890625,88.93477630615234,182.8699951171875,155.8120176435374,505.3962538689054,90.3443168469122,179.8000030517578,153.40541695878758,496.9371233933013,88.3709661913593,179.89999389648438,154.189696694263,497.1164618244484,88.45493823513225
2024-04-04,180.0,151.22373962402344,509.06292724609375,85.87677764892578,185.10000610351562,155.44374205201333,528.0735621028697,90.60422800372173,180.0,151.16402490088885,508.7241363163239,85.85178433643762,184.0,154.34893669187858,514.5429055027722,90.37629845117095
2024-04-05,185.07000732421875,153.21432495117188,525.4232177734375,87.97908782958984,186.27000427246094,154.11007625117927,528.7709900364625,88.45193199631433,181.97000122070312,150.3687936097494,512.5401630444132,85.89777114739914,182.3800048828125,150.9649689349857,514.9812697911904,86.83745712010142
2024-04-08,185.19000244140625,155.40394592285156,517.362548828125,87.10437774658203,187.2899932861328,155.91651757401127,529.5580472302196,88.80081883400379,184.80999755859375,153.26408722854015,517.0038720076625,86.70350850941023,186.89999389648438,153.28896330227423,527.3561194046334,88.67085666122206
2024-04-09,185.6699981689453,157.39450073242188,515.0211181640625,85.3259506225586,187.33999633789062,159.1362509369547,523.9584834633949,87.60620698800746,184.1999969482422,155.90157198567948,504.8980152105673,82.99472376686872,187.24000549316406,156.6082316080211,520.3317000897688,87.41326961083752
2024-04-10,185.9499969482422,156.91677856445312,517.9405517578125,87.01040649414062,186.27000427246094,157.4144215142172,520.6606093608502,87.3712879556285,182.6699981689453,155.4636544689247,503.9615184655781,83.68149867040677,182.77000427246094,157.1357426772979,507.43885377613293,83.89843024698811
2024-04-11,189.0500030517578,160.03201293945312,521.2583618164062,90.58623504638672,189.77000427246094,160.36045910838484,521.9558295796515,90.70919574606373,185.50999450683594,157.18549466223584,515.4097032879945,86.89745219051976,186.74000549316406,157.59356552547138,519.2158254344968,87.39128560717941
2024-04-12,186.1300048828125,158.43955993652344,510.039306640625,88.15702819824219,188.3800048828125,160.93772200076836,518.2991821255071,90.1453808587556,185.0800018310547,157.8523449185831,507.4786409454992,87.50124546153059,187.72000122070312,158.65354275354042,515.8680487630246,89.66953167082109
2024-04-15,183.6199951171875,155.59304809570312,498.4117431640625,85.97274780273438,188.69000244140625,160.0718346896375,516.6452434055009,90.58323225547265,183.0,155.41388873477973,495.4724538488081,85.9007728583494,187.42999267578125,159.5244244018962,514.8417641277158,89.06873054875433
2024-04-16,183.32000732421875,155.26458740234375,497.9434509277344,87.38628387451172,184.8300018310547,156.48878470454247,502.9352195908948,88.08904823109181,182.25999450683594,154.3190689138674,495.30305898761117,86.03572977127556,183.27000427246094,154.90628390086408,496.2994241252725,86.40460421758179
2024-04-17,181.27999877929688,156.1404571533203,492.373779296875,84.00739288330078,184.57000732421875,157.9329619598977,501.3310922605612,88.7458333599475,179.82000732421875,155.39895882932524,485.36933351230493,83.92241409948026,184.30999755859375,156.44899335301892,501.2713127841246,88.3109710984958
2024-04-18,179.22000122070312,156.7177276611328,499.97601318359375,84.6431884765625,182.38999938964844,157.73788965449194,510.34820830690745,86.16169439997329,178.64999389648438,155.47362026100805,497.22606608419835,82.37493650827429,181.47000122070312,156.1852460490335,498.00322967417003,84.94209387359811
2024-04-19,174.6300048828125,154.9859161376953,479.3214111328125,76.17497253417969,179.0,157.24521930392896,500.9724073362612,84.29630512599306,173.44000244140625,153.18445115165247,474.0008246461211,75.58117346384236,178.74000549316406,157.00634522902195,500.9724073362612,83.12269469975273
2024-04-22,177.22999572753906,157.2053985595703,479.97894287109375,79.49188232421875,178.8699951171875,158.43457720422234,490.2215742917529,80.04670035538005,174.55999755859375,154.92620062224327,471.6792050393255,76.3749101252901,176.94000244140625,155.2745415611511,487.93988983056084,78.07834524781059
2024-04-23,179.5399932861328,159.16612243652344,494.2967529296875,82.39592742919922,179.92999267578125,159.72348012158997,496.947087855681,82.74181446817349,175.97999572753906,157.2203366413251,487.19266460356954,80.23763989778655,178.0800018310547,157.84239034106147,489.46437591061385,80.74247130165297
2024-04-24,176.58999633789062,160.34056091308594,491.7062072753906,79.65082550048828,180.32000732421875,160.6291871352953,508.14623244265294,84.05437709629325,176.17999267578125,158.0713103277153,482.8186166545257,79.1569845005292,179.94000244140625,158.340026580058,506.2132815965154,83.92241667959377
2024-04-25,173.6699981689453,157.2053985595703,439.7756652832031,82.60486602783203,173.9199981689453,157.53384471581393,444.1496925847887,83.29563335625151,166.32000732421875,152.04783561586922,412.99336454601143,78.19730980842563,169.67999267578125,152.63704010672708,419.86827816399943,78.84209462361733
2024-04-26,179.6199951171875,172.87120056152344,441.6787109375,87.70618438720703,180.82000732421875,175.58832666155163,444.81725504370945,88.30198930446801,176.1300048828125,170.59198747560998,430.3898768860217,83.3596128981717,177.8000030517578,175.16036103860196,439.85534570558576,83.79047109382074
2024-04-29,180.9600067138672,167.10848999023438,431.0474548339844,87.7281723022461,183.52999877929688,170.5720957211152,438.1615160803969,87.96308807915567,179.38999938964844,166.27245351182466,427.00221505307695,85.23798574736955,182.75,169.96497073841974,437.9622309022969,87.56622296271497
2024-04-30,175.0,163.86387634277344,428.60638427734375,86.37361907958984,182.99000549316406,169.06921754993925,438.0220161367784,88.78982495986544,174.8000030517578,163.72453691882748,428.15800782404466,86.27165520822136,181.08999633789062,166.59096528212498,429.4831600152305,87.21134125053536
2024-05-01,179.0,164.78948974609375,437.5935974121094,83.01371765136719,185.14999389648438,168.01420626410095,448.3244387572749,85.9717451202874,176.55999755859375,164.12263484487258,425.55748979180964,81.22830132116862,181.63999938964844,165.39659955094953,427.0420944900981,85.04905184528752
2024-05-02,184.72000122070312,167.66586303710938,440.0745544433594,85.78881072998047,185.10000610351562,167.73552515030133,442.3462657809091,86.20867093085921,179.91000366210938,164.9089169463527,430.7087280659752,83.17266601309362,180.85000610351562,165.8842928390392,437.24488105143956,84.42125626969049
2024-05-03,186.2100067138672,168.193359375,450.3171691894531,88.75983428955078,187.8699951171875,169.04930580388765,452.5191579879948,89.25166943381491,185.4199981689453,164.20225344161207,442.2366626961111,87.01140828668458,186.99000549316406,168.7407544368837,444.30908875789413,87.76016278941914
2024-05-06,188.6999969482422,169.02940368652344,463.9873046875,92.10973358154297,188.75,169.0990658013136,464.465570894487,92.18970913389045,184.8000030517578,167.09854663956006,451.69216267855865,89.02574784622284,186.27999877929688,168.42227868914688,453.92401083119677,89.36063689142837
2024-05-07,188.75999450683594,172.16455078125,466.53802490234375,90.52425384521484,189.94000244140625,172.65224633966483,469.8160748777237,91.75084815179432,187.30999755859375,169.1986030506817,459.63322146185084,88.98176145323684,188.9199981689453,169.31803249892306,464.59513103388576,91.06807385977748
2024-05-08,188.0,170.35311889648438,470.8821716308594,90.3823013305664,188.42999267578125,171.09858090402184,473.8513202902337,91.16404211729393,186.38999938964844,169.71812607859013,461.31706019769786,89.39062281924463,187.44000244140625,169.9450480790918,461.81524276810575,89.45360566200054
2024-05-09,189.5,170.77113342285156,473.6919250488281,88.71784973144531,191.6999969482422,171.62707978843494,474.34949927894843,91.04208295679378,187.44000244140625,169.12890279808695,465.93023214661764,88.20202038816478,188.8800048828125,170.34315264663212,468.29161264745665,90.4992620554592
2024-05-10,187.47999572753906,169.48721313476562,474.4690856933594,89.84847259521484,189.88999938964844,170.53226626790192,475.76434819594465,91.3709748992257,186.92999267578125,167.11844324476036,467.89306977309053,89.19768547851668,189.16000366210938,168.890050763585,475.35583484503064,90.2753342742342
2024-05-13,186.57000732421875,170.0943603515625,466.3088684082031,90.36931610107422,188.30999755859375,170.14412768572356,471.62945471547624,90.96811842024397,185.36000061035156,164.9785912490824,461.16762053219,88.49992744150495,188.0,165.06518671425982,471.0316295379581,90.44828491109924
2024-05-14,187.07000732421875,171.11947631835938,470.1349182128906,91.32599639892578,187.72000122070312,171.96547530339564,470.82241262247226,91.62089767401247,183.4499969482422,169.61660026263462,458.4076805354275,88.90478722070216,183.82000732421875,170.78108279908716,461.68573050507666,89.56956971282393
2024-05-15,185.99000549316406,173.060302734375,479.7896423339844,94.59890747070312,186.72000122070312,173.2255205444955,480.74614428336014,94.83083350687552,182.72999572753906,171.21901789802692,469.4872312016632,91.5689050462718,185.97000122070312,171.48774932095938,473.25348993439434,92.44161932872312
2024-05-16,183.6300048828125,174.60299682617188,471.5098876953125,94.3280029296875,187.30999755859375,175.5087106331646,475.9536677204274,95.78752238437566,183.4600067138672,173.22951262162755,471.0316214801493,94.07208269713682,185.60000610351562,173.77692289985708,473.27344305250324,94.87882442022669
2024-05-17,184.6999969482422,176.4542236328125,470.1947021484375,92.44861602783203,185.3000030517578,176.65825905676155,471.0814513592593,94.70887485375151,183.35000610351562,174.15511572356067,466.7173973529921,91.77584059273352,183.75999450683594,174.722435954081,469.1186107116518,94.33800216120143
2024-05-20,183.5399932861328,177.6187286376953,467.1358337402344,94.74886322021484,186.6699981689453,179.1016949111226,471.4800016099991,95.16872341830162,183.27999877929688,176.3895499420499,465.3423886311172,93.40930707577944,184.33999633789062,176.47414073902465,468.2418148692893,93.71920279909754
2024-05-21,183.14999389648438,178.69361877441406,462.941162109375,95.35466766357422,183.25999450683594,178.97231279047915,468.9891060973983,95.36866300361463,180.75,176.474135532202,460.5897244545208,93.14939104451075,182.3000030517578,177.55899348782262,465.4221016970654,93.56825212335475
2024-05-22,183.1300048828125,177.160888671875,466.0796813964844,94.91881561279297,185.22000122070312,178.00887723264987,471.9980927279,95.98846392246197,181.97000122070312,175.94663866940007,463.9574187949519,93.21837781672151,183.8800048828125,177.55899695369803,466.16935060979057,95.42765114316352
2024-05-23,181.0500030517578,174.2347412109375,464.0869445800781,103.76490783691406,184.75999450683594,179.06188373408688,472.63574393448664,106.2850758370863,180.0800018310547,173.71718830847908,459.8623661995607,101.48664948420172,183.66000366210938,177.93720584610716,471.1611430164987,101.99448585081109
2024-05-24,180.75,175.49876403808594,476.4817199707031,106.43402862548828,182.44000244140625,176.4681715297921,478.10579995092274,106.44002335978084,180.3000030517578,174.37408611469655,464.60503458401325,102.96616635990915,181.64999389648438,175.6878707884106,465.92024381535487,104.41468788795488
2024-05-28,182.14999389648438,177.1807861328125,478.1755676269531,113.86357879638672,182.24000549316406,177.66846646558616,479.1121228771075,114.90123977492766,179.49000549316406,174.85180576931893,473.11401572762514,109.84690116806794,179.92999267578125,174.9115356755471,474.8476813275343,110.20778262251307
2024-05-29,182.02000427246094,176.56370544433594,472.6357421875,114.78727722167969,184.0800018310547,177.3897945303486,478.10580735499315,115.45405793078952,181.5500030517578,175.42908017169887,471.9781679682956,110.86457027293942,181.6999969482422,175.976490431931,472.9346699665159,113.01286640628571
2024-05-30,179.32000732421875,172.7418212890625,465.3523254394531,110.46369934082031,181.33999633789062,175.8570710684257,470.0153373933379,115.78095222554882,178.36000061035156,172.41337511409716,463.0208346658362,109.62697631949285,181.30999755859375,175.8570710684257,469.95555791760296,114.612337538274
2024-05-31,176.44000244140625,173.13992309570312,465.13311767578125,109.59699249267578,179.2100067138672,173.59774605548205,467.4148023246717,112.67997913664935,173.8699951171875,170.16401310971617,452.8080859511944,106.90487625910878,178.3000030517578,172.58255029510445,464.10686281384676,112.48303762096089
2024-06-03,178.33999633789062,173.59776306152344,475.75439453125,114.96221923828125,178.6999969482422,175.03097717260903,477.8567408480421,114.96221923828125,175.9199981689453,171.63704864383791,466.53801672351005,111.96620219037665,177.6999969482422,173.06031536329505,469.14848859966503,113.58367447543728
2024-06-04,179.33999633789062,174.3043975830078,475.2561950683594,116.39875793457031,179.82000732421875,174.36411229787996,477.1493131464151,116.561706418007,176.44000244140625,172.40339816301645,471.5098828447324,114.00754518844305,177.63999938964844,173.62759537846122,475.26616844981777,115.67800167050594
2024-06-05,181.27999877929688,176.2352752685547,493.2605285644531,122.39977264404297,181.5,177.13102647161713,494.84474550363467,122.4087647447128,178.75,174.46365245832024,482.15106322693237,117.42940615929226,180.10000610351562,175.70279368634698,482.689108921618,118.33210934086958
2024-06-06,185.0,177.50924682617188,491.96527099609375,120.958251953125,185.0,177.86755035862805,500.99233691067286,125.54574130546908,181.49000549316406,176.37462150453698,489.1057078527464,118.28113030159747,181.75,176.59357043122796,491.1881073877741,124.00724541916884
2024-06-07,184.3000030517578,175.12054443359375,491.16815185546875,120.8482894897461,186.2899932861328,178.5741875907091,497.09653661265514,121.65202623467715,183.36000061035156,174.9612950507807,488.3883150022529,117.98323363858707,184.89999389648438,177.61872166754497,494.10744118684374,119.7306529022316
2024-06-10,187.05999755859375,175.99740600585938,500.77313232421875,121.74999237060547,187.22999572753906,177.830812412341,500.8329118009078,123.05955958930451,183.7899932861328,173.7554643619359,491.61653412930673,116.9715638416941,184.07000732421875,175.81804276819278,492.06488020447483,120.33046067723372
2024-06-11,187.22999572753906,177.5518035888672,505.62542724609375,120.88021087646484,187.77000427246094,177.75108423529036,505.75495958151856,122.83972700807324,184.5399932861328,174.81165288916708,496.4588556425314,118.7107397776175,187.05999755859375,177.08348570749644,498.34200038373547,121.73999195116299
2024-06-12,186.88999938964844,178.91690063476562,506.9903869628906,125.16914367675781,188.35000610351562,181.42787947273285,512.1416076357833,126.84872997628844,185.42999267578125,177.14327694877989,502.6362765717381,122.53979453852547,188.02000427246094,179.10622257947298,512.1216608745848,123.02967165119686
2024-06-13,183.8300018310547,176.10699462890625,502.2676696777344,129.57806396484375,187.6699981689453,177.87064426133762,507.50852960132505,129.76801958856166,182.6699981689453,176.0272793318939,499.537608536514,127.12867070986337,186.08999633789062,177.2030457535148,503.8718029468352,129.3581169536998
2024-06-14,183.66000366210938,177.7311553955078,502.8262023925781,131.84751892089844,183.72000122070312,178.0898666483664,505.80828233509834,132.80727390157034,182.22999572753906,175.22218357185352,499.42522020615223,128.28839829543193,183.0800018310547,175.22218357185352,501.32018749550235,129.92799370452428
2024-06-17,184.05999755859375,178.13967895507812,505.2896423339844,130.94773864746094,185.0,179.2755953141092,509.3987374114916,133.69706139159663,181.22000122070312,175.8578875265829,494.6977439414019,129.54808953427707,182.52000427246094,176.34612280815062,500.3427732497189,132.9572533982128
2024-06-18,182.80999755859375,175.8180389404297,498.16851806640625,135.54660034179688,184.2899932861328,178.26923510757547,504.6613046706333,136.29641557179684,181.42999267578125,174.99100977195764,493.7103428728897,130.6578056523983,183.74000549316406,178.14965455035454,503.22511196152465,131.10769173939232
2024-06-20,186.10000610351562,177.0735321044922,500.3727111816406,130.74777221679688,186.50999450683594,178.09984190710827,502.3375005534766,140.72530869246972,182.72000122070312,175.82800902324556,495.45573089177043,129.4880881954488,182.91000366210938,176.07711363949488,500.67190532482755,139.765553796689
2024-06-21,189.0800018310547,179.6143798828125,493.47100830078125,126.53881072998047,189.27999877929688,181.8583130820366,502.1180843319888,130.5978154647857,185.86000061035156,177.42226238783712,491.08734711442,124.26937345205326,187.8000030517578,177.85073021689615,502.1180843319888,127.08867825178737
2024-06-24,185.57000732421875,180.14248657226562,497.590087890625,118.08089447021484,191.0,181.4278748991179,506.4565526889867,124.42932809847615,185.3300018310547,179.58449466770367,492.98231542757276,118.0109120255889,189.3300018310547,180.6307370908269,497.879329189251,123.2096275256971
2024-06-25,186.33999633789062,184.91534423828125,509.2491760253906,126.05892181396484,188.83999633789062,185.08473355620472,509.3588704025715,126.46882443182822,185.4199981689453,180.45636543703452,494.18911810475925,119.29059361747449,186.80999755859375,180.49623069074562,495.73500529039063,121.1701275508724
2024-06-26,193.61000061035156,184.70608520507812,511.7624816894531,126.36886596679688,194.8000030517578,185.26407711043942,512.4506586561395,128.0884358796131,186.25999450683594,183.33103806804897,503.34480817062513,122.56979895315696,186.9199981689453,183.5402774304899,505.3095975439335,126.09892820330649
2024-06-27,197.85000610351562,186.19076538085938,518.1854248046875,123.9594497680664,199.83999633789062,186.8284726259236,521.4966485589007,126.37885933630702,194.1999969482422,184.78581161771882,512.5404259555387,122.8897136949346,195.00999450683594,184.980120527237,512.8894756293444,124.06942327696439
2024-06-28,193.25,182.76307678222656,502.8860168457031,123.50955963134766,198.85000610351562,185.9117628453365,520.4992985037455,127.67853027804634,192.5,182.6684158097748,502.5070173188362,122.71975337861936,197.72999572753906,185.05484233965822,515.7818318583744,124.54930428199576
2024-07-01,197.1999969482422,183.82923889160156,503.34478759765625,124.26937866210938,198.3000030517578,184.67618542202868,505.239754781103,124.80923890749885,192.82000732421875,182.07553275022136,491.8652596909824,118.8007251119183,193.49000549316406,183.8192649768011,503.6140927525597,123.4395813225982
2024-07-02,200.0,185.94163513183594,508.1520690917969,122.6397705078125,200.42999267578125,186.2804137331941,509.149423496295,123.37959365292392,195.92999267578125,182.40434682998787,498.12866950132707,121.00017523772506,197.27999877929688,182.81288201616928,499.4352013362723,121.10014907077634
2024-07-03,197.58999633789062,186.71884155273438,508.6108703613281,128.24839782714844,200.02999877929688,186.9480135253479,509.92738554938944,128.24839782714844,196.75999450683594,184.72101781483107,504.68129136586316,121.33010435521813,199.94000244140625,185.63274915628548,505.0303715131761,121.63003350315482
2024-07-05,200.0,191.27249145507812,538.4815673828125,125.79899597167969,200.5500030517578,191.5714048253656,539.4390494858881,128.81825608276083,198.1699981689453,186.6491104769195,510.2464982359772,125.64903140778242,198.64999389648438,186.6491104769195,510.2464982359772,127.34860945857926
2024-07-08,199.2899932861328,189.79779052734375,527.9196166992188,128.16839599609375,201.1999969482422,190.99250141053892,541.3739172645955,130.73776982046533,197.9600067138672,188.6419566291613,525.2566976048726,127.0086858992603,200.0399932861328,190.67963062540326,540.9151123448542,127.4585719244731
2024-07-09,199.33999633789062,189.7579345703125,528.5978393554688,131.34764099121094,200.57000732421875,192.16926542683404,536.0580308916997,133.78704236722226,199.0500030517578,189.54868000321284,526.7926303012964,128.61830251041144,199.39999389648438,191.06324032448242,532.3379184075122,130.3178959397844
2024-07-10,199.7899932861328,191.96998596191406,533.275390625,134.87677001953125,200.11000061035156,192.61765188536268,537.4543077142633,135.0667256558596,197.69000244140625,189.9372837700379,526.9621206539213,132.38737791270125,200.0,190.06682303638334,529.3856843777168,133.99698191654937
2024-07-11,195.0500030517578,186.62918090820312,511.3436279296875,127.36861419677734,200.27000427246094,191.7208798554092,534.043424473812,136.1164508461357,192.86000061035156,186.15090430376924,507.02506620743,127.0187019512054,200.08999633789062,190.65470480345505,529.4855074283807,135.71655549549055
2024-07-12,194.49000549316406,186.11105346679688,497.5502014160156,129.20816040039062,196.47000122070312,188.01421652496057,506.7458105112051,131.88749271860638,193.8300018310547,185.47334621010972,492.9224926713077,127.18865386253758,194.8000030517578,186.25055145406782,496.44315260441283,128.22839089146464
2024-07-15,192.72000122070312,187.5159912109375,494.84735107421875,128.40835571289062,196.19000244140625,189.21985825223288,505.3395081572605,131.35762580228223,190.8300018310547,185.82208288068784,492.06472384159474,127.14866403247436,194.55999755859375,185.82208288068784,497.31081760153563,130.52782847793975
2024-07-16,193.02000427246094,184.8356170654297,488.4942321777344,126.32886505126953,196.6199951171875,189.65827857329185,502.6167744833756,129.00819736720675,192.24000549316406,184.45697320018698,484.5048144790846,124.54930487008038,195.58999633789062,188.28323149134974,500.17324396821596,128.40835436238444
2024-07-17,187.92999267578125,181.96592712402344,460.7677307128906,117.96092224121094,191.5800018310547,184.5665798102319,477.9023017376505,121.81997165296215,185.99000549316406,180.96950870331733,457.905328571596,116.6912385563928,191.35000610351562,184.01854663801583,477.9023017376505,121.32009486519661
2024-07-18,183.75,178.578125,474.5910949707031,121.0601577758789,189.67999267578125,183.39082818525517,477.97211054275687,122.36984015709355,181.4499969482422,177.57174778728617,463.31101919766354,116.53127526261207,189.58999633789062,182.88264501899772,473.74333764754465,121.81997263511246
2024-07-19,183.1300048828125,178.74749755859375,475.52862548828125,117.90094757080078,184.92999267578125,181.31825887509234,485.4223643535943,121.57004161457283,180.11000061035156,178.21939701881587,474.4514656631318,117.34108797082892,181.13999938964844,179.7239833410327,474.8005457997421,120.32034955926778
2024-07-22,182.5500030517578,182.69332885742188,486.11053466796875,123.50955963134766,185.05999755859375,183.63992334392967,490.7582098836229,124.03942781453529,182.47999572753906,181.2485099418617,482.61979422348026,119.8304661088677,185.0,181.69691040759497,485.29269674470385,120.3203432330864
2024-07-23,186.41000366210938,182.9424285888672,487.3971252441406,122.5597915649414,189.38999938964844,184.55662156919473,493.9098482730073,124.65928025097237,183.55999755859375,182.6733913574331,486.42969025653684,122.06991443104106,184.10000610351562,183.18155927979657,488.54407671929795,122.74974719191928
2024-07-24,180.8300018310547,173.7454833984375,460.0496520996094,114.22184753417969,185.4499969482422,177.31266333834552,475.0398874805375,119.92043994002134,180.41000366210938,172.94836078735528,459.36147513020455,113.41204956795865,183.1999969482422,174.7618344929483,471.06045317324583,119.1406333610656
2024-07-25,179.85000610351562,168.5541534423828,452.21044921875,112.25233459472656,183.89999389648438,174.57251436164208,462.3236067182569,116.60126129148769,176.8000030517578,168.44454680160155,441.4789064419887,106.27381225253961,182.91000366210938,173.62591984806159,462.0343958650566,113.01214947730902
2024-07-26,182.5,168.07586669921875,464.46795654296875,113.03213500976562,183.19000244140625,169.23171581795833,468.5271658214887,116.17136057676942,180.24000549316406,165.27096136954532,458.2045721245555,111.55250401293692,180.38999938964844,168.1655559201212,462.97192494204035,116.16136853298354
2024-07-29,183.1999969482422,170.51708984375,464.4779052734375,111.5625,184.75,171.54339960461624,472.70607900562055,116.25134680115113,182.3800048828125,169.1121362162633,463.78972830816224,111.27257816967544,183.83999633789062,169.8893413710137,468.63688647936897,113.66198865142056
2024-07-30,181.7100067138672,171.24447631835938,461.9645690917969,103.7044448852539,185.86000061035156,172.33056878553097,471.47933822186764,111.96240417731258,179.3800048828125,169.51070273282616,455.4917490260998,102.51473565355279,184.72000122070312,171.2145849810346,465.7644867737836,111.49251876218644
2024-07-31,186.97999572753906,172.52984619140625,473.57379150390625,116.99116516113281,187.94000244140625,175.27997080668484,475.2393867973792,118.3108396333588,184.4600067138672,171.10497512525495,465.515181086415,110.85267854952704,185.0500030517578,174.29351108109944,469.7738735533383,112.87218513169266
2024-08-01,184.07000732421875,171.8323516845703,496.4231872558594,109.18309783935547,190.60000610351562,175.05077889023,525.7753210037396,120.13040514788088,181.8699951171875,169.89929753739804,490.7981240637391,106.78368749587625,189.2899932861328,171.36403381575482,519.6216611779906,117.50104810323892
2024-08-02,167.89999389648438,167.79685974121094,486.84857177734375,107.24356079101562,168.77000427246094,169.60038989475044,499.82413130062156,108.69320802636011,160.5500030517578,165.7940641440123,474.8902723069076,101.3450209019017,166.75,167.58762038247167,487.70628191704446,103.73443129488524
2024-08-05,161.02000427246094,160.06466674804688,474.471435546875,100.42524719238281,162.9600067138672,165.3456878229132,482.20093240553325,103.38452459369911,151.61000061035156,156.0391427100353,449.60736639083,90.66765743904186,154.2100067138672,156.8063740057358,450.1559295912915,92.0373150047539
2024-08-06,161.92999267578125,159.9650115966797,492.7828369140625,104.22431182861328,165.0800018310547,161.76854176630374,501.2304299864576,107.68345833707174,158.5399932861328,157.56365468246898,477.3836823846658,100.52522659409519,161.7100067138672,160.36857505755367,477.73276251562584,103.8144091952266
2024-08-07,162.77000427246094,160.17425537109375,487.62652587890625,98.88563537597656,167.5800018310547,164.19977895622932,508.80034027827065,108.77319818362058,161.42999267578125,159.66608746828945,485.57194781622036,98.6656883565928,166.5500030517578,162.65534262295992,501.79892335846426,107.78343659639361
2024-08-08,165.8000030517578,163.25318908691406,508.28173828125,104.94413757324219,166.69000244140625,164.90724730098054,508.6108518478643,105.47400576569116,162.5500030517578,161.4496741925987,493.4111802164842,97.49596860854,165.1699981689453,161.7625449521268,496.1838242885021,101.97486813365401
2024-08-09,166.94000244140625,164.7976531982422,516.4002075195312,104.72418975830078,168.5500030517578,164.92719246706665,516.9687068327605,106.57373239559361,165.85000610351562,160.35362004988897,504.3621325984849,103.40451530940655,166.39999389648438,161.06607082428397,506.36679424679943,105.6139698534446
2024-08-12,166.8000030517578,163.36280822753906,514.5850219726562,108.99313354492188,168.5500030517578,166.10295907223568,516.6495529140553,111.04263146519123,166.11000061035156,162.96424691360264,507.7531381507871,106.23381911518737,168.13999938964844,165.40048221300762,515.4925877047901,106.29380189006847
2024-08-13,170.22999572753906,165.33570861816406,527.1416625976562,116.11138153076172,171.0399932861328,165.9435244900484,530.0938534798205,116.20136332032301,167.10000610351562,164.1798747537791,516.7791968434872,111.55250759337807,167.80999755859375,164.59338172697963,518.634261382388,112.41229629244809
2024-08-14,170.10000610351562,161.44967651367188,525.3663940429688,118.05091094970703,172.27999877929688,164.36919041099168,532.5872298919776,118.57077948335262,168.86000061035156,158.9586304461226,521.7459928350446,114.04189674110647,172.11000061035156,163.62187659072688,526.6629425402546,118.5007970340635
2024-08-15,177.58999633789062,162.58560180664062,535.908447265625,122.8297348022461,177.91000366210938,162.93435435683165,538.3419943932922,123.2096384456698,173.99000549316406,160.9116260556583,525.3065653122825,117.44106320591041,174.86000061035156,161.62904857869057,530.3830650287364,118.73074633761901
2024-08-16,177.05999755859375,164.1499786376953,526.0245971679688,124.54930114746094,178.33999633789062,166.35205486717328,532.2480783702886,124.9691958147952,176.25999450683594,162.49592038476501,523.2718895114789,121.15013749579563,177.0399932861328,162.82474029317686,530.4927859051207,121.90995234205361
2024-08-19,178.22000122070312,167.79685974121094,527.8797607421875,129.9679718017578,178.3000030517578,167.8666163302166,530.2534081865273,129.9679718017578,176.16000366210938,165.49513557024594,521.3769906400114,123.38959109072681,177.63999938964844,166.40188000248637,525.4761025731007,124.2493798220781
2024-08-20,178.8800048828125,168.35487365722656,525.33642578125,127.21864318847656,179.00999450683594,169.79967741743286,529.6849369159322,129.84799998824454,177.42999267578125,168.05594507135712,524.4886989518025,125.85897770804885,177.9199981689453,168.1356603745316,526.9521349229415,128.36835370467122
2024-08-21,180.11000061035156,167.02963256835938,533.744140625,128.46835327148438,182.38999938964844,168.03600974702022,537.9729743095602,129.31815003716036,178.88999938964844,165.97343142549687,525.5359335970294,126.62881008429083,179.9199981689453,166.39192535734017,525.7553832138777,127.2886435744744
2024-08-22,176.1300048828125,164.8972930908203,530.522705078125,123.70951843261719,181.47000122070312,168.81321026159983,542.7901517087026,130.7177938767418,175.67999267578125,164.43893391865004,527.1915755568373,123.06967668655749,181.3800048828125,168.43456638911738,535.5792990612545,129.98797796054023
2024-08-23,177.0399932861328,166.83033752441406,526.6031494140625,129.33811950683594,178.97000122070312,167.34847938718525,538.4417418614877,129.56807382051312,175.24000549316406,165.06668777536825,523.6709248971505,125.18914813175064,177.33999633789062,165.95349960757738,535.4995340602896,125.82898983127045
2024-08-26,175.5,167.32855224609375,519.7413330078125,126.42884063720703,177.47000122070312,168.77337124165066,526.6031363206736,131.22765338990934,174.3000030517578,165.72433304902341,513.5876732511208,124.33935925298674,176.6999969482422,167.5527524913739,526.2041702012604,129.53808260280766
2024-08-27,173.1199951171875,165.7841033935547,517.7266235351562,128.26840209960938,174.88999938964844,167.64241403647938,522.6236675283147,129.1681743229575,172.25,165.56489012243208,513.9466724281382,123.84948497148315,174.14999389648438,167.00969380636656,517.606945881941,125.01920259136338
2024-08-28,170.8000030517578,163.91082763671875,515.412841796875,125.57905578613281,173.69000244140625,166.79047621925304,519.7114368738459,128.29838691719942,168.9199981689453,162.69519596618224,511.09428015210347,122.60978624415954,173.69000244140625,166.18266038398477,516.3004409587714,128.0884319398247
2024-08-29,172.1199951171875,162.8147735595703,516.8489379882812,117.56102752685547,174.2899932861328,167.02963467718953,525.8052213752129,124.3993464291812,170.80999755859375,161.40185288464895,514.3156798736528,116.6812470646182,173.22000122070312,165.46525036551398,517.6767591369255,121.33010304223866
2024-08-30,178.5,164.51866149902344,519.9307861328125,119.34059143066406,178.89999389648438,164.68805082195226,522.1548668210937,121.72000228172388,172.60000610351562,162.8247530655951,513.8369657534311,117.19111963899515,172.77999877929688,163.63184962949015,519.9706583917031,119.50054804230363
2024-09-03,176.25,158.0419464111328,510.40606689453125,107.973388671875,178.25999450683594,162.79486713938573,524.0997225062756,116.18136480283337,175.25999450683594,157.28964554252158,507.27435965653467,107.26356453201906,177.5500030517578,162.7300975011423,518.2652239654169,115.9814171340765
2024-09-04,173.3300018310547,157.2447967529297,511.38348388671875,106.18383026123047,175.97999572753906,159.82551694837377,515.2233348401941,113.24208832420429,172.5399932861328,156.87612678333463,502.73643830752104,104.09434887245212,174.47999572753906,157.5088470400444,504.73114710194517,105.38403194779274
2024-09-05,177.88999938964844,158.03196716308594,515.4926147460938,107.18358612060547,179.8800048828125,160.43831095253145,520.2500150290379,109.6229874268856,175.0,156.95583344724037,509.7977292668977,104.73419276980215,175.0,157.2148967624086,510.36622861742507,104.96413183407385
2024-09-06,171.38999938964844,151.58514404296875,498.94647216796875,102.8046646118164,178.3800048828125,158.64974722214538,523.1921855093276,108.12335346353827,171.16000366210938,151.39083514674604,496.9318272475794,100.92512296050285,177.24000549316406,158.1216466586556,520.4993164684229,108.01337995723738
2024-09-09,175.39999389648438,149.2005615234375,503.45452880859375,106.44377136230469,175.85000610351562,154.28899143236174,509.9772045756239,106.52375348417674,173.50999450683594,147.86360676197722,500.751676509204,103.66445746112835,174.52999877929688,153.28128945081107,504.82089944691495,104.85415910703641
2024-09-10,179.5500030517578,149.66949462890625,503.45452880859375,108.0733642578125,180.5,151.95430520263582,512.8196706618348,109.37304700834024,176.7899932861328,149.20355939783312,498.70711219354445,104.92413884500664,177.49000549316406,151.10622848372844,506.81560821803276,107.78343479415585
2024-09-11,184.52000427246094,151.80462646484375,510.4758605957031,116.88119506835938,184.99000549316406,152.13387922005617,511.76245622202606,117.16112485124165,175.72999572753906,148.36246071366355,494.28881906904013,107.39352807236727,180.10000610351562,150.74703500975997,505.66863578869425,109.3630438515934
2024-09-12,187.0,155.1869354248047,524.2094116210938,119.12083435058594,187.41000366210938,155.25678384046466,525.3165211916474,120.77057045474369,183.5399932861328,153.15157268835566,513.856868803379,115.3614370539407,184.8000030517578,154.4585967034471,515.6820442723355,116.82120128077001
2024-09-13,186.49000549316406,158.01051330566406,523.2320556640625,119.0808334350586,188.5,158.91345784103444,526.1842465755389,119.94069565795841,185.91000366210938,155.755648728388,515.7419144489008,117.58107480834963,187.0,156.0070756210139,518.9634105254878,119.06084000976254
2024-09-16,184.88999938964844,158.62911987304688,532.3765869140625,116.7612075805664,185.80999755859375,158.8785524071565,533.1951441126126,118.16098383065176,183.36000061035156,157.25224741303262,516.5234847252611,114.34159881620232,185.2899932861328,157.9706143292006,523.6513423732874,116.77120810734208
2024-09-17,186.8800048828125,159.9161834716797,535.4114379882812,115.57140350341797,189.4499969482422,161.22320750164613,541.1816145177253,118.7808938826076,186.13999938964844,159.0481631332768,529.6711789519043,114.81153124290536,186.85000610351562,159.7266123117633,536.6892378805607,118.15099033708098
2024-09-18,186.42999267578125,160.44497680664062,537.0386352539062,113.35176086425781,188.8000030517578,161.26312280572637,543.2780467125403,117.68105834506785,185.05999755859375,159.29759326798978,532.9955088150618,113.20178347448297,186.4499969482422,160.48489453662953,536.1601212459904,115.87135202544096
2024-09-19,189.8699951171875,162.86947631835938,558.1527709960938,117.85103607177734,190.99000549316406,164.6155040932057,561.1177710265995,119.64074895502783,188.47000122070312,162.15310375152245,545.5941273946979,117.2311330909559,190.0399932861328,164.4458917934048,549.0682122211362,117.3311154741421
2024-09-20,191.60000610351562,164.2662811279297,560.39892578125,115.98133850097656,191.83999633789062,164.37603204660826,563.5436133640413,118.6009197546388,187.41000366210938,162.8095885003916,555.3574937736435,115.37143602446805,190.22999572753906,164.14655838906322,559.0512373496247,117.041165532472
2024-09-23,193.8800048828125,162.69985961914062,563.4537963867188,116.24130249023438,194.4499969482422,166.23181758098326,573.0075909949846,116.97118080282907,190.57000732421875,162.58012165110702,561.4571846215243,114.84152614526418,191.63999938964844,164.96469605302332,568.535200139111,116.5312567610485
2024-09-24,193.9600067138672,163.2685546875,562.3756713867188,120.85055541992188,195.3699951171875,164.176492741931,566.7881663385376,121.78040609310197,190.1300048828125,161.6622086004887,553.251140972108,115.36143323881014,194.27000427246094,163.87717066392423,565.7199717295323,116.5012492087513
2024-09-25,192.52999877929688,162.6200408935547,567.34716796875,123.4901351928711,193.9499969482422,163.84424554390736,575.9026560047768,124.91990547833531,192.16000366210938,162.40551734323734,562.764917527023,121.5904392877682,193.75,162.60008202800464,563.0943755026146,122.00036937142775
2024-09-26,191.16000366210938,163.4581298828125,566.8780517578125,124.02005004882812,194.52999877929688,165.12433738176023,576.4218537698613,127.64946344549999,189.5399932861328,163.1288771112858,561.3973011581114,121.78041247124415,194.30999755859375,164.65540300026643,574.7546390380797,126.77960826024157
2024-09-27,187.97000122070312,164.91481018066406,566.3988037109375,121.38047790527344,190.89999389648438,166.59100475314528,569.8729495717097,124.01005220096552,187.33999633789062,163.4581326837826,563.5536563544842,119.24082267160239,190.67999267578125,163.5379529228678,569.1341520453253,123.9500642912149
2024-09-30,186.3300018310547,166.8105010986328,571.47021484375,121.42046356201172,188.49000549316406,166.9801133920327,573.706410244188,121.48045146740193,184.64999389648438,164.26628624932783,563.8431433708773,118.13099198549791,187.13999938964844,164.40596785707794,566.7382547675098,118.29096227592748
2024-10-01,185.1300048828125,168.03770446777344,575.4933471679688,116.9811782836914,186.19000244140625,170.05312356675083,582.052223949219,122.42030559533124,183.4499969482422,165.5234203103271,569.1341437441329,115.77137385100936,184.89999389648438,168.47670815509065,577.0007987585797,121.75040758040218
2024-10-02,184.75999450683594,166.9302215576172,571.839599609375,118.83087921142578,186.60000610351562,168.49666513124245,575.0241978646806,119.360792730428,184.0399932861328,165.87263008138385,568.3755073868431,115.12147695024304,184.44000244140625,167.37919706037525,573.8861145161185,116.42127087200362
2024-10-03,181.9600067138672,166.83045959472656,581.78271484375,122.83023834228516,183.44000244140625,167.52886763193206,582.3716811685491,124.33999759824167,180.8800048828125,164.994624608732,567.7664618304881,120.32063993396463,183.0500030517578,165.4436153407923,569.1840999965109,120.90054847309592
2024-10-04,186.50999450683594,168.17738342285156,594.930419921875,124.89990234375,187.60000610351562,169.1651417037373,595.8388514800449,125.01988578554294,183.60000610351562,166.58102439541923,580.4449915774629,121.810403092212,185.75,168.95561168385737,582.7410829589448,124.91990339813242
2024-10-07,180.8000030517578,164.016845703125,583.789306640625,127.69945526123047,183.60000610351562,169.51433291164238,601.9285063283199,130.61898369823507,180.25,163.7574413654542,583.0505091511867,124.92989659161151,182.9499969482422,168.7560635386529,597.2064783663409,124.96989107230341
2024-10-08,182.72000122070312,165.32386779785156,591.8855590820312,132.86862182617188,183.08999633789062,165.72296895610333,592.5544069282686,133.45852325335272,180.9199981689453,163.9370236242508,584.9772388569517,129.39917881279587,181.9199981689453,165.0544764190507,588.6909682347708,130.23904002332463
2024-10-09,185.1699981689453,162.6898651123047,589.5095825195312,132.628662109375,185.85000610351562,165.8825983372775,593.383013995398,134.4983717641675,182.0500030517578,160.75426631287192,580.6246363035814,131.3588773259068,182.82000732421875,164.48078878674917,592.9836672926635,134.08843403580283
2024-10-10,186.64999389648438,162.80958557128906,582.8408813476562,134.78831481933594,188.1300048828125,163.93803021658485,589.2300017888213,134.97828670089152,185.8300018310547,161.27308796158508,581.5331032114448,130.97893005790212,187.1300048828125,161.7420223125794,586.5745352205768,131.88878735570256
2024-10-11,188.82000732421875,164.1465606689453,588.9505615234375,134.7783203125,189.92999267578125,164.89485824555993,590.2084366715601,135.75815840657205,186.3000030517578,162.1311415998337,581.722836757389,133.63850429309608,186.6300048828125,162.95925941151893,583.8392403320302,133.98843884138304
2024-10-14,187.5399932861328,165.972412109375,589.419677734375,138.0478057861328,189.8300018310547,167.23951840464235,599.0832703101336,139.57755854294567,187.36000061035156,164.40596850811767,588.9604960748801,136.27808612883217,189.77999877929688,164.53567829588263,593.21322748736,136.44805696221857
2024-10-15,187.69000244140625,166.52114868164062,585.2767944335938,131.57884216308594,188.41000366210938,168.70618005069358,589.609407732317,138.547722466739,184.5800018310547,165.67308722562564,579.1571746540536,128.71930149862905,187.6300048828125,166.7606093878907,589.1601579101996,137.84782283581688
2024-10-16,186.88999938964844,166.3615264892578,575.8128051757812,135.6981658935547,187.77999877929688,166.90029405802036,581.0938820809059,136.5980149944232,185.61000061035156,164.8409837085831,573.0575322321221,131.55883256815804,187.0500030517578,165.65313140202477,580.4150414195622,133.9584403413635
2024-10-17,187.52999877929688,164.13656616210938,575.95263671875,136.90797424316406,188.94000244140625,167.54880112943871,583.97899451397,140.8673441853548,186.0,163.99688456312464,574.225586946511,136.8479863322171,188.22000122070312,167.00006177752527,582.3418190860033,139.31759037510415
2024-10-18,188.99000549316406,164.67535400390625,575.4933471679688,137.97779846191406,190.74000549316406,165.99234980298428,582.9806410828543,138.87764756674068,186.27999877929688,164.3760319327944,574.2754432717226,137.25791307551907,187.14999389648438,164.49575467157797,580.1155081526317,138.64768884107772
2024-10-21,189.07000732421875,165.4236602783203,574.185546875,143.6868896484375,189.4600067138672,165.8427051102763,576.2620400351755,143.6868896484375,186.39999389648438,163.93204336640198,568.1458088687186,137.97780144123402,188.0500030517578,164.20642828942988,575.05412899297,138.1077854115753
2024-10-22,189.6999969482422,166.44134521484375,581.0240478515625,143.56690979003906,191.52000427246094,167.08986370041146,582.5414923732056,144.39677817254247,186.97999572753906,164.29621633151714,571.1507875159534,141.7572032447214,188.35000610351562,164.32614701705697,573.3170943372664,142.88702644418225
2024-10-23,184.7100067138672,164.1066436767578,562.7349853515625,139.5375518798828,189.16000366210938,167.2195719618869,584.008879002397,142.4070854107316,183.69000244140625,163.26156615464373,561.5469990407663,137.43789878035992,188.85000610351562,166.05221433986773,578.9873717015129,142.00715584596583
2024-10-24,186.3800048828125,164.1565399169922,566.818115234375,140.38742065429688,187.11000061035156,164.67536385635017,567.9162272782188,141.3272719093067,183.86000061035156,162.40054033844325,560.568710969321,138.4377373361036,185.25,164.21640128996543,566.1691920700792,140.79735837298583
2024-10-25,187.8300018310547,166.61094665527344,572.27880859375,141.51722717285156,190.4499969482422,167.0200044057247,580.3051654129531,144.1068221770471,187.52999877929688,164.85493202249762,570.7513714491723,140.77735596279692,187.85000610351562,164.98963532280627,572.9576492363118,140.90732467853542
2024-10-28,188.38999938964844,167.9578857421875,577.1804809570312,140.4973907470703,190.2100067138672,170.21874866254464,582.7610374446309,143.11696423513524,188.2100067138672,165.41367087628183,573.147347275715,140.02746516246322,189.57000732421875,170.20277852548895,581.0140022146043,142.976987375231
2024-10-29,190.8300018310547,170.7515411376953,592.2749633789062,141.22727966308594,191.4600067138672,171.46990807993288,592.6642563781992,142.23711171034327,187.82000732421875,168.27717457229605,574.4252487176307,138.87765156261756,188.5800018310547,169.00051981297196,579.1672018209299,140.26742736816374
2024-10-30,192.72999572753906,175.7401885986328,590.79736328125,139.3175811767578,195.61000061035156,183.37281818194802,600.18146222204,140.30742741103543,192.4199981689453,175.34608092530422,588.3814802937598,136.78798938993828,194.6999969482422,181.9959609227769,599.961803260404,139.51754595215704
2024-10-31,186.39999389648438,172.2980194091797,566.6184692382812,132.7386474609375,190.60000610351562,178.0150088186449,588.9006638234266,137.5878737112806,185.22999572753906,172.1683096199305,562.0562040483729,132.08875807974474,190.50999450683594,174.32341036482913,584.0089406317576,137.57788081150406
2024-11-01,197.92999267578125,172.2581024169922,566.1991577148438,135.3782196044922,200.5,173.42546007693375,572.6981389909307,137.2879161101812,197.02000427246094,169.92341754541656,561.6069748641634,134.5483665061615,199.0,171.15062135368265,566.6484075643524,134.67833522595924
2024-11-04,195.77999877929688,170.29257202148438,559.7301025390625,136.0281219482422,197.3300018310547,171.52976286876077,567.7265419448195,138.9376575905799,194.30999755859375,169.1002924275085,556.9448512232912,135.54820341905642,196.4499969482422,170.85131368500362,563.1442913990002,137.18793904541485
2024-11-05,199.5,171.02093505859375,571.460205078125,139.8874969482422,199.82000732421875,171.70637216526382,572.5084140245058,140.3474144064953,195.99000549316406,169.98328713827703,565.7099536866323,137.30791015086248,196.0399932861328,170.44224972306222,566.3388912408113,137.4278859649573
2024-11-06,207.08999633789062,177.92520141601562,571.0808715820312,145.58656311035156,207.5500030517578,178.23449529525598,572.0292743628759,146.46642634688735,199.13999938964844,174.64266103018528,554.229463302176,141.93715671974996,200.00999450683594,174.951970133578,561.7966390012363,142.93699575896497
2024-11-07,210.0500030517578,181.86624145507812,590.6976318359375,148.85606384277344,212.25,182.16556352998285,593.7923558507847,148.9060435973239,207.19000244140625,178.48393702420717,574.2355767751123,146.14649291865044,207.44000244140625,178.70343886419374,575.9127234281675,146.3664587614797
2024-11-08,208.17999267578125,179.4517364501953,588.3416137695312,147.6062469482422,209.9600067138672,181.93608988065503,592.0951926933623,149.74590195013883,207.44000244140625,179.16240141973364,583.5297721190619,146.236457046531,209.72000122070312,181.58687825588632,590.5378379587844,148.7460628790407
2024-11-11,206.83999633789062,181.55694580078125,582.1820068359375,145.23663330078125,209.64999389648438,181.67169024189303,586.00553531121,148.82606753959354,205.58999633789062,179.58144448419563,575.5333166694651,143.54691790764704,208.5,179.6612647183404,585.366604942105,148.65608145399648
2024-11-12,208.91000366210938,182.9038848876953,583.8292236328125,148.26612854003906,209.5399932861328,183.60727119420463,598.6440480490492,149.62591028148023,206.00999450683594,180.57917198310966,579.3967433041139,145.98649668767203,208.3699951171875,180.96828610388522,587.5428920783899,146.7563770410738
2024-11-13,214.10000610351562,180.08030700683594,579.0173950195312,146.2464599609375,215.08999633789062,182.20048341961808,584.6478546567904,149.30596496785506,209.13999938964844,179.7111365260688,574.1955606863224,145.87650914358065,209.39999389648438,181.73652736364141,581.6229586734983,149.04601231096433
2024-11-14,211.47999572753906,176.94744873046875,576.1821899414062,146.7363739013672,215.89999389648438,180.03542477204525,579.7761276375875,148.97601887199116,210.8800048828125,175.6304376208683,572.0392571340474,145.52657719098687,214.16000366210938,179.34199500809183,576.0224878119504,147.6162371498861
2024-11-15,202.61000061035156,173.49530029296875,553.1412963867188,141.9571533203125,207.33999633789062,175.48078883073978,571.5999609350949,145.2166386002855,199.61000061035156,172.35289497475256,550.5656503540905,140.05746510375218,206.75999450683594,175.24132810697984,570.2522115419955,144.8466877533126
2024-11-18,201.6999969482422,176.39869689941406,553.4608154296875,140.12744140625,204.6699981689453,176.50844782695492,558.9514978806496,141.52722527651324,200.9499969482422,174.0240942257961,549.1581194372038,137.1279241566863,204.14999389648438,174.55788351993363,556.0962966980143,139.47755210471132
2024-11-19,204.61000061035156,179.17237854003906,560.1394653320312,146.98634338378906,205.3000030517578,179.7610356628362,560.4788552047905,147.10633445236968,198.77999877929688,174.7185067341715,549.6671856118743,140.96732287230222,199.3300018310547,174.8372399080373,550.9250607524925,141.2972716123141
2024-11-20,202.8800048828125,176.92747497558594,564.5619506835938,145.8665313720703,203.1300048828125,178.7034332806034,565.390500678348,147.53626090336707,199.4499969482422,174.93201483744025,553.2611210117975,142.70703603144835,202.97999572753906,178.42407007919522,561.9763116905509,147.38629113505743
2024-11-21,198.3800048828125,168.85585021972656,562.1360473632812,146.6464080810547,203.49000549316406,175.18145549789298,569.0343137249589,152.8654088901037,195.75,164.93476294944196,548.1197947446825,140.67736706254192,203.49000549316406,175.05673923346154,568.555146432614,149.32598496889756
2024-11-22,197.1199951171875,166.19192504882812,558.1928100585938,141.92715454101562,199.25999450683594,167.88306980424588,562.8748674563213,147.13632286743956,196.75,165.33387647649843,553.6505301191291,141.07730047570033,198.25,166.780582207106,562.5953125397953,145.90650981286518
2024-11-25,201.4499969482422,169.04539489746094,564.1526489257812,135.9981231689453,201.9499969482422,170.07307085416926,571.6200187084586,142.02715192160386,199.0,167.0200041158874,555.4474504719568,135.79815839357323,199.27999877929688,167.60867641516356,561.1477383303449,141.9671640146257
2024-11-26,207.86000061035156,170.23269653320312,572.5682983398438,136.89797973632812,208.0,171.10571032835793,576.5216113243557,139.277601884859,201.7899932861328,169.0453953359282,564.2424619188627,135.64818075181995,201.89999389648438,169.10527192731251,565.0410943888924,137.6778530821544
2024-11-27,205.74000549316406,170.43226623535156,568.2357177734375,135.31822204589844,207.63999938964844,170.75153195687213,574.0058940620332,137.19792446250455,205.0500030517578,169.2848674640083,563.1443212381122,131.77879829463743,206.97999572753906,170.29256940350413,573.9160806548232,134.98827330747284
2024-11-29,207.88999938964844,170.10301208496094,573.3470458984375,138.22776794433594,208.1999969482422,170.48213917467183,577.4800469055187,139.32759715528792,204.58999633789062,168.36695621133114,565.9396332575727,136.02812477876728,205.8300018310547,169.67398022072197,568.0360512532919,136.75800311530705
2024-12-02,210.7100067138672,172.58734130859375,591.82568359375,138.60769653320312,212.99000549316406,173.20594429747393,593.4928373290564,140.42739572538855,209.50999450683594,169.88350137476908,574.5949145977398,137.7978293194704,209.9600067138672,169.93339092253962,576.5216376072835,138.8076612979231
2024-12-03,213.44000244140625,172.62725830078125,612.6104125976562,140.23744201660156,214.02000427246094,173.92431041652506,613.1594686318281,140.51739577472358,209.64999389648438,172.11840622950385,590.2483370618503,137.92781588392697,210.30999755859375,172.72702217174466,593.9919840199593,138.23776359782383
2024-12-04,218.16000366210938,175.69029235839844,612.7401733398438,145.1166534423828,220.0,176.02951694382102,616.7333966061125,145.76654278655016,215.75,172.3578774269222,604.0748252320993,140.26742746830917,215.9600067138672,172.38780811245044,611.9215552584485,141.97715912549498
2024-12-05,220.5500030517578,173.91432189941406,607.8983764648438,145.04666137695312,222.14999389648438,177.30661319063742,618.8498233695451,146.52652104015894,217.3000030517578,173.6149998407543,606.0215565844734,143.93676281520223,218.02999877929688,176.91749908162544,616.0345935489895,145.0966598316491
2024-12-06,227.02999877929688,176.0894012451172,622.7132568359375,142.42689514160156,227.14999389648438,176.4376080962673,628.7230165931262,145.68658966441174,220.60000610351562,173.15607214175068,607.4990854973933,141.29699424160657,220.75,173.4853249211239,609.0663720551125,144.58670004061705
2024-12-09,226.08999633789062,176.89846801757812,612.530517578125,138.79722595214844,230.0800018310547,177.83738550391604,625.3387984829403,139.93712045292858,225.6699981689453,175.20039040791823,605.143030037455,137.1173878488451,227.2100067138672,175.51503437960727,622.8629585822455,138.9572148926683
2024-12-10,225.0399932861328,186.31773376464844,618.2708129882812,135.05758666992188,229.05999755859375,187.8160268138949,624.5302104357933,141.80696595909077,224.1999969482422,182.46212570826387,611.7019431511976,133.77769033829185,226.08999633789062,184.32500888640666,616.5137848674528,138.99721154250668
2024-12-11,230.25999450683594,196.4861602783203,631.6080932617188,139.29718017578125,231.1999969482422,196.66594813117683,637.3184340049636,140.15710166074888,226.25999450683594,186.04803967773574,620.4770203793527,135.19756655561218,226.41000366210938,186.4875414177299,622.3138688918516,137.3473626393387
2024-12-12,228.97000122070312,193.40965270996094,629.7213134765625,137.32736206054688,231.08999633789062,196.48115029218562,635.581363832556,138.42726697152892,227.6300048828125,193.06004491560958,626.1474224708807,135.7875104425574,229.8300018310547,196.0766124040666,630.4301325523135,137.0673914713081
2024-12-13,227.4600067138672,191.16221618652344,619.2990112304688,134.23765563964844,230.1999969482422,194.11883919838084,630.0108744614691,139.58716980719961,225.86000061035156,191.0423423812578,615.8449119771144,132.52780616182653,228.39999389648438,192.490704487651,626.1573675626565,138.92722683278515
2024-12-16,232.92999267578125,197.93450927734375,623.6851196289062,131.98785400390625,233.0,200.41168291616427,630.5890116598864,134.38762706465963,228.00999450683594,193.88911488994594,618.0301774865133,130.40799755691268,230.22999572753906,194.14382959225733,629.420007736044,134.16764608739564
2024-12-17,231.14999389648438,196.8956756591797,618.889404296875,130.3780059814453,232.72999572753906,202.64913062417182,631.8079039629248,131.57789255271604,227.85000610351562,196.46617230830898,615.9919576111723,126.84833189511964,232.38999938964844,198.30407475927043,625.613402725808,129.07812250532473
2024-12-18,220.52000427246094,189.93360900878906,596.6591796875,128.8981475830078,231.39999389648438,198.46389928471683,626.8023454819172,136.68742440979707,220.11000061035156,189.0646039194836,595.7899578806528,128.2682006428492,230.77000427246094,196.60601529827326,620.4480133143085,133.84768927135005
2024-12-19,223.2899932861328,189.484130859375,595.0405883789062,130.66796875,226.08999633789062,194.37856412730645,610.9764221710803,134.01766661792476,222.9199981689453,189.30434300339118,594.4710877502442,129.5380830968377,224.91000366210938,193.06005888438943,609.8474217814187,131.7478712095932
2024-12-20,224.9199981689453,192.74041748046875,584.7297973632812,134.68760681152344,226.2100067138672,193.91406813278797,602.5739077699969,135.26755529215387,218.72999572753906,186.1579053424554,579.4844638542556,128.20820713472543,219.83999633789062,186.7971764103249,590.0550768385264,129.7980572196654
2024-12-23,225.05999755859375,195.7669677734375,599.3167724609375,139.6571502685547,226.8800048828125,196.26639877064787,600.5557214561685,139.77713434768583,223.89999389648438,191.411928868106,585.7288858135305,135.1075657604122,225.00999450683594,193.80919155814604,589.0758836258183,136.2674627166313
2024-12-24,229.0500030517578,197.34518432617188,607.2097778320312,140.2071075439453,229.13999938964844,197.44506138722352,607.4495547417749,141.88694573903672,226.1300048828125,194.97587425527323,598.7473359909974,138.6372445869122,226.94000244140625,195.94676829861982,602.18421967186,139.98712655305678
2024-12-26,227.0500030517578,196.87571716308594,602.8136596679688,139.91712951660156,228.5,197.93450850289778,605.7610496183185,140.8370583714796,226.6699981689453,195.6471058614473,598.4076065348586,137.7173348045662,228.5,196.5161262135814,604.9417711960614,139.68715493157526
2024-12-27,223.75,193.81918334960938,599.27685546875,136.9973907470703,226.02999877929688,196.5760523318792,601.3150202583132,139.00721560881072,220.89999389648438,191.75354348102763,589.2757431165518,134.69761453351015,225.60000610351562,196.24642603002408,598.8771866170372,138.53725762424156
2024-12-30,221.3000030517578,192.47073364257812,590.7144165039062,137.47735595703125,223.0,193.55948963491522,596.4093617724204,140.2570989672278,218.42999267578125,190.14338320337714,585.059474705781,134.00767398793965,220.05999755859375,190.64781342319387,588.226639708199,134.81759702407376
2024-12-31,219.38999938964844,190.22328186035156,584.9895629882812,134.27764892578125,223.22999572753906,193.03008164381478,593.4420040553556,138.05731549303724,218.94000244140625,189.36425993005457,583.3310043759192,133.8176997545706,222.97000122070312,192.2260050490995,591.7435639321293,138.0173106258272
2025-01-02,220.22000122070312,190.41307067871094,598.7073364257812,138.29727172851562,225.14999389648438,192.9801381301293,604.3722793886026,138.8672266066605,218.19000244140625,188.49525744007033,587.2975045360681,134.61761764692358,222.02999877929688,191.26709343340778,589.1957790711948,135.98748671158143
2025-01-03,224.19000244140625,192.9102325439453,604.092529296875,144.4567108154297,225.36000061035156,194.27866867483587,608.9581953145173,144.88666393436952,221.6199951171875,191.13225931471843,595.8798046163633,139.71714137538024,222.50999450683594,192.5056946331138,604.2224186140523,139.99711439640743
2025-01-06,227.61000061035156,197.7347412109375,629.6398315429688,149.41624450683594,228.83999633789062,199.33291137103032,630.429107364017,152.14600432101588,224.83999633789062,194.83803207586362,605.0816634693568,147.80640728049391,226.77999877929688,194.92792600382484,611.2861653941472,148.57632545203526
2025-01-07,222.11000061035156,196.4861602783203,617.3407592773438,140.12710571289062,228.3800048828125,201.909973886113,631.5380886830453,153.1159160516902,221.4600067138672,195.7170322333306,607.6893121042956,139.99711279126652,227.89999389648438,198.04438263544472,631.1384808399608,153.0159191493047
2025-01-08,222.1300048828125,195.1676483154297,610.1771240234375,140.0971221923828,223.52000427246094,197.41508784704052,615.8920714343907,143.9367655713296,220.1999969482422,193.52951522204586,602.2541800285583,137.5473535279277,223.19000244140625,193.72928457657076,612.8547955325016,142.5668963792699
2025-01-10,218.94000244140625,192.95018005371094,615.3125610351562,135.8975067138672,221.7100067138672,197.39511312065048,629.3500601048015,139.90713250101766,216.5,191.38197456331892,596.8090645204555,134.20765966847648,221.4600067138672,195.19761966253236,609.4877870994305,137.43735839735214
2025-01-13,218.4600067138672,192.0711669921875,607.789306640625,133.21774291992188,219.39999389648438,192.27095158503425,608.4286914350151,133.47772877314173,216.47000122070312,188.4453083016719,597.9180835402799,129.49808381781634,218.05999755859375,191.13224951636064,606.5603584516555,129.97805065881337
2025-01-14,217.75999450683594,190.8325958251953,593.7218017578125,131.7478790283203,221.82000732421875,193.050070773715,604.9518013433293,136.3674645891877,216.1999969482422,189.42419669059564,588.0268559982835,130.03804480886453,220.44000244140625,192.28094273517524,604.5321917343676,136.0374931021696
2025-01-15,223.35000610351562,196.75584411621094,616.5714721679688,136.22747802734375,223.57000732421875,197.57491832048342,621.9067525765506,136.43745017340345,220.75,193.11000369739423,605.9609165618788,131.277920981104,222.8300018310547,194.12884726518368,609.6676409065044,133.63770458598145
2025-01-16,220.66000366210938,194.1887664794922,610.756591796875,133.55772399902344,224.64999389648438,196.75583391247915,615.7022038454446,138.73724031386243,220.30999755859375,194.0788910490422,609.1680393269272,133.47772952507327,224.4199981689453,195.60214951346643,610.9564262093133,138.6272498193542
2025-01-17,225.94000244140625,197.3251953125,612.225341796875,137.6973419189453,226.50999450683594,198.58375597214695,624.4144487016482,138.48726255165812,223.0800018310547,195.0877388983694,603.1333939973155,135.44754884500142,225.83999633789062,197.82462632303964,623.4952835439785,136.67743145335606
2025-01-21,230.7100067138672,199.40283203125,615.9120483398438,140.81704711914062,231.77999877929688,203.6080326445683,620.9475463117574,141.8169551308445,226.94000244140625,199.21304580682195,608.4686584766922,137.07738566270945,228.89999389648438,200.28182025394423,617.2808256632173,139.14720257048143
2025-01-22,235.00999450683594,199.8023681640625,622.94580078125,147.05648803710938,235.44000244140625,201.88998612293432,633.1367466870842,147.77640781491758,231.19000244140625,198.9733108604717,618.8794110911601,143.65679142482674,232.02000427246094,200.32178068082086,622.745966355468,144.64670591256592
2025-01-23,235.4199981689453,199.35289001464844,635.88427734375,147.2064666748047,235.52000427246094,201.71020506522237,636.0341074215171,147.2164602628041,231.50999450683594,196.59603624015026,620.597889576449,143.706788444335,234.10000610351562,199.75242873857272,626.8023305338492,145.03666800279981
2025-01-24,234.85000610351562,201.6702423095703,646.9144287109375,142.60687255859375,236.39999389648438,202.33949329722083,651.4204294754496,148.95629439391405,232.92999267578125,199.5566528889042,633.6362643025149,141.86695041120194,234.5,199.6225872950207,635.8343208926308,148.35634349735062
2025-01-27,235.4199981689453,193.54949951171875,659.29345703125,118.40910339355469,235.61000061035156,198.44391735433535,663.2799006811211,128.3881809500624,225.86000061035156,192.48070982544095,624.5443426754407,116.68926041493282,226.2100067138672,193.96901973467803,626.0530102379722,124.78852130861458
2025-01-28,238.14999389648438,196.8457489013672,673.7305908203125,128.9781494140625,241.77000427246094,197.00555524376668,681.9732572201489,128.9881430022562,233.97999572753906,192.39081751116362,658.8837538443346,116.23931491482392,234.2899932861328,194.42848935993928,665.4079784595224,121.79880142784785
2025-01-29,237.07000732421875,196.9556121826172,675.888671875,123.6886215209961,240.38999938964844,198.2341696318412,680.4446161433896,126.87833061040895,236.14999389648438,194.96788645279017,665.0782822378817,120.03896327722832,239.02000427246094,197.14539841120728,674.4000060630054,126.48836708502724
2025-01-30,234.63999938964844,202.3994140625,686.3893432617188,124.63853454589844,237.9499969482422,203.00672387191645,710.1581749857351,124.9885008224628,232.22000122070312,199.24500307805343,675.4990076007216,118.08913405132431,237.13999938964844,199.53266972822976,696.200621832455,123.08867408422283
2025-01-31,237.67999267578125,205.3660430908203,688.5673828125,120.0589599609375,240.2899932861328,206.8443546537246,704.6730489182394,127.83824341487099,236.41000366210938,203.34833748699367,684.9706072332008,119.1790436181177,236.5,203.48317837651163,690.3857723381032,123.76861793270326
2025-02-03,237.4199981689453,202.40939331054688,696.840087890625,116.64927673339844,239.25,204.9864590771122,703.3742528890535,118.55909714130068,232.89999389648438,201.43051282665638,674.649807192235,112.99961082645434,234.05999755859375,201.98487391595285,675.3091937227201,114.7394486968032
2025-02-04,242.05999755859375,207.4736328125,703.5640869140625,118.63909149169922,242.52000427246094,208.46249643839946,707.0809776947289,121.1888524384042,238.02999877929688,204.02754671792735,690.995251505304,116.68926621972048,239.00999450683594,204.2672790849399,701.8755866223114,116.94924444838958
2025-02-05,236.1699981689453,193.0800323486328,704.2434692382812,124.81851959228516,238.32000732421875,194.32860987902825,717.5016936715592,124.98850212428793,235.1999969482422,189.69389069585742,698.3886925528532,120.74889426826606,237.02000427246094,192.88026299205453,702.9246352066622,121.74880228526035
2025-02-06,238.8300018310547,193.0900115966797,711.3571166992188,128.66815185546875,239.66000366210938,193.60942410647172,718.2610086889607,128.7581551695,236.00999450683594,190.2732286703268,702.8746730458445,125.19847756454047,238.00999450683594,190.77265967243562,705.2525623903425,127.40827329026631
2025-02-07,229.14999389648438,186.92703247070312,713.8848876953125,129.8280487060547,234.80999755859375,192.79534667048466,724.3655534509123,130.35799871586244,228.05999755859375,184.88936071436743,711.1173304150035,124.9884977355082,232.5,192.52066571940506,716.162829309228,129.20811063964976
2025-02-10,233.13999938964844,187.98582458496094,716.7623291015625,133.55772399902344,233.9199981689453,189.77379609286592,720.558939093694,134.98758517024453,229.1999969482422,187.39649966530655,710.697717393577,129.94805537047182,230.5500030517578,188.84484651111416,717.9212711485029,130.0780330404282
2025-02-11,232.75999450683594,186.8571319580078,719.16015625,132.7877960205078,233.44000244140625,188.58515904568145,723.0167104534308,134.4676342706669,230.1300048828125,185.86825303657443,709.4088221751414,131.0079608594355,231.9199981689453,186.62239876540912,712.6859358478964,132.56781502240796
2025-02-12,228.92999267578125,185.21897888183594,724.7352294921875,131.12794494628906,231.17999267578125,186.61739486850084,726.4536713486742,132.22784993678553,228.16000366210938,183.42103942122037,711.9665601009159,129.0681367435288,230.4600067138672,185.0192095241481,714.6641723225413,130.00805277951918
2025-02-13,230.3699951171875,187.66619873046875,727.9124145507812,135.27755737304688,230.4199981689453,187.77607416088287,728.3520258945355,136.487452862588,227.52000427246094,184.66961270981918,717.4017457743258,131.15794096754342,228.85000610351562,185.7184056239068,720.8786940316196,131.54790450828392
2025-02-14,228.67999267578125,186.6573486328125,736.0151977539062,138.8372344970703,229.88999938964844,187.93589085274974,740.2514192957425,139.23719160158925,227.22999572753906,185.89821895267022,724.9750316832167,135.4875365315285,229.1999969482422,186.6174008565631,725.4945889979003,136.46744211776974
2025-02-18,226.64999389648438,185.58856201171875,715.7332153320312,139.38717651367188,229.3000030517578,187.56630449733623,736.3448822468013,143.4268135927519,223.72000122070312,183.3710871600107,705.8120494058986,137.91731045487123,228.82000732421875,187.226695076443,735.3457711447024,141.25701494818574
2025-02-19,226.6300048828125,186.91705322265625,703.1444702148438,139.21719360351562,226.8300018310547,187.1467872178663,706.37157970015,141.34700263351252,223.7100067138672,185.2889032654933,694.7719139390767,137.2073839146051,225.52000427246094,185.9731213052312,703.4741329865286,139.49716663707372
2025-02-20,222.8800048828125,186.4276123046875,694.222412109375,140.0971221923828,225.1300048828125,186.90706182083724,705.0027993686539,140.6470746897965,221.80999755859375,184.38994042998203,693.0234665438812,136.7774200315485,224.77999877929688,186.28777222741775,696.6602457328806,140.01712771481476
2025-02-21,216.5800018310547,181.3733673095703,682.9423828125,134.41763305664062,223.30999755859375,187.25666399411273,703.2443277596083,141.4470007486669,214.74000549316406,180.92388244913036,681.7534381597311,134.01767593596887,223.27999877929688,187.07686090508184,695.9608297659651,140.02711787829398
2025-02-24,212.7100067138672,180.9838104248047,667.5361328125,130.2680206298828,217.72000122070312,184.87936617572134,686.6591347238324,138.57725415414035,212.4199981689453,180.67416563965807,661.8611888382964,130.06804206967678,217.4499969482422,183.59084088624112,685.6700244492644,136.5474420161462
2025-02-25,212.8000030517578,177.16815185546875,656.9155883789062,126.61835479736328,213.33999633789062,180.55429349830055,667.406255569748,130.18802626376245,204.16000366210938,176.56884378749382,641.2894751849396,124.42856133510212,211.6300048828125,179.94998624296272,665.3780306420172,129.96804527013506
2025-02-26,214.35000610351562,174.50119018554688,673.1011962890625,131.26792907714844,218.16000366210938,177.87734865828276,682.4029186886339,133.71770077604796,213.08999633789062,173.3924527442382,657.4151389833991,128.478192299153,214.94000244140625,176.74364576328153,659.0636967789872,129.97805439122038
2025-02-27,208.74000549316406,170.0163116455078,657.6549072265625,120.13895416259766,219.97000122070312,176.38904098824568,688.0379111520425,134.99758082030266,208.3699951171875,169.55882503535227,656.9855198372225,119.99896764539281,218.35000610351562,175.73978676984865,681.8434098860729,134.9875872324259
2025-02-28,212.27999877929688,172.02401733398438,667.6060791015625,124.90850830078125,212.6199951171875,172.30369747869378,669.034800720811,125.07849083366686,206.99000549316406,168.19837398997922,642.0287972080544,116.38929530836823,208.64999389648438,170.1062040953664,657.4550757218477,118.00914142194866
2025-03-03,205.02000427246094,168.46807861328125,654.4677124023438,114.04950714111328,214.00999450683594,174.80086041257175,680.6444353602695,123.68861991301428,202.5500030517578,167.4492350449917,650.2614937084818,112.26967207329028,213.35000610351562,173.5323013294071,673.0811570323929,123.49864257535764
2025-03-04,203.8000030517578,172.41357421875,639.4310913085938,115.97933197021484,206.8000030517578,174.9656593689528,649.1724243402481,119.29902637351395,197.42999267578125,167.34933645157065,623.0956495401799,110.09987541363249,200.11000061035156,167.74889040520628,644.9362031172728,110.63982667322061
2025-03-05,208.36000061035156,174.79087829589844,655.886474609375,117.28921508789062,209.97999572753906,175.55000797862252,658.9138106981253,118.26912068620358,203.25999450683594,170.73548550793336,637.09319610967,114.49947076595478,204.8000030517578,172.12391841048589,640.4302542191028,117.56918811598004
2025-03-06,200.6999969482422,174.0117645263672,627.371826171875,110.55982971191406,205.77000427246094,176.52888591983762,649.9817152601623,115.3393888375433,198.3000030517578,172.31169022063378,623.5552144493282,110.209863429875,204.39999389648438,172.35364986457097,647.4239932814962,113.51955654224739
2025-03-07,199.25,175.5500030517578,625.1038208007812,112.67964172363281,202.27000427246094,176.69868829805844,634.2257099756501,113.46957000648335,192.52999877929688,172.05398592128185,600.0761000698269,107.5501084934214,199.49000549316406,173.0448614517929,624.8141005363861,111.2397716760376
2025-03-10,194.5399932861328,167.80999755859375,597.4584350585938,106.97016143798828,196.72999572753906,170.4499969482422,609.5676566741505,111.83970852661247,190.85000610351562,165.56500244140625,586.3483245399041,105.45029700249104,195.60000610351562,170.16000366210938,607.5294919896663,109.88989097369002
2025-03-11,196.58999633789062,165.97999572753906,605.171630859375,108.75,200.17999267578125,168.65499877929688,614.3834063038594,112.22967568900775,193.39999389648438,163.24000549316406,592.8026300616355,104.76036144852146,193.89999389648438,166.67999267578125,594.5210719524441,106.98015850635034
2025-03-12,198.88999938964844,169.0,619.00927734375,115.73999786376953,201.52000427246094,169.52999877929688,632.7670568528157,116.76000213623047,195.2899932861328,165.47999572753906,608.8083309497569,112.87999725341797,200.72000122070312,168.47000122070312,629.3401130606143,114.12000274658203
2025-03-13,193.88999938964844,164.72999572753906,590.114990234375,115.58000183105469,198.8800048828125,168.1199951171875,619.9484328172048,117.76000213623047,191.82000732421875,164.07000732421875,585.988656544404,113.79000091552734,198.1699981689453,167.97999572753906,619.6986550441117,117.02999877929688
2025-03-14,197.9499969482422,167.6199951171875,607.5999755859375,121.66999816894531,198.64999389648438,168.25,608.8599853515625,121.87999725341797,195.32000732421875,164.50999450683594,594.780029296875,118.1500015258789,197.41000366210938,165.31500244140625,602.7999877929688,118.61000061035156
2025-03-17,195.74000549316406,166.57000732421875,604.9000244140625,119.52999877929688,199.0,168.4600067138672,613.0999755859375,122.88999938964844,194.32000732421875,165.80999755859375,598.0,118.02999877929688,198.77000427246094,167.3249969482422,607.4600219726562,122.73999786376953
2025-03-18,192.82000732421875,162.6699981689453,582.3599853515625,115.43000030517578,194.0,166.44000244140625,600.25,119.0199966430664,189.3800048828125,158.8000030517578,574.6599731445312,114.54000091552734,192.52000427246094,165.9600067138672,600.0499877929688,118.0
2025-03-19,195.5399932861328,166.27999877929688,584.0599975585938,117.5199966430664,195.97000122070312,168.13299560546875,592.3200073242188,120.44999694824219,191.9600067138672,163.0500030517578,574.77001953125,115.68000030517578,193.3800048828125,163.9149932861328,584.280029296875,117.2699966430664
2025-03-20,194.9499969482422,165.0500030517578,586.0,118.52999877929688,199.32000732421875,167.02999877929688,610.2000122070312,120.19999694824219,192.3000030517578,163.13999938964844,579.510009765625,116.47000122070312,193.07000732421875,163.8249969482422,582.760009765625,116.55000305175781
2025-03-21,196.2100067138672,166.25,596.25,117.69999694824219,196.99000549316406,166.47000122070312,597.5399780273438,117.98999786376953,192.52000427246094,163.02999877929688,580.9500122070312,115.41999816894531,192.89999389648438,163.3800048828125,583.4199829101562,116.94000244140625
2025-03-24,203.25999450683594,169.92999267578125,618.8499755859375,121.41000366210938,203.63999938964844,170.5,622.5399780273438,122.22000122070312,199.9499969482422,167.44000244140625,612.2000122070312,119.33999633789062,200.0,169.26499938964844,614.969970703125,119.87999725341797
2025-03-25,205.7100067138672,172.7899932861328,626.3099975585938,120.69000244140625,206.2100067138672,172.91000366210938,633.8800048828125,121.29000091552734,203.22000122070312,170.5500030517578,621.1799926757812,118.91999816894531,203.60000610351562,171.17999267578125,626.760009765625,120.55000305175781
2025-03-26,201.1300048828125,167.13999938964844,610.97998046875,113.76000213623047,206.00999450683594,171.94000244140625,626.75,118.83999633789062,199.92999267578125,166.86099243164062,606.6099853515625,112.70999908447266,205.83999633789062,171.3000030517578,624.8900146484375,118.7300033569336
2025-03-27,201.36000061035156,164.0800018310547,602.5800170898438,111.43000030517578,203.7899932861328,167.44000244140625,614.25,114.44999694824219,199.2821044921875,163.85000610351562,600.0999755859375,110.66999816894531,200.875,166.7239990234375,601.25,111.34500122070312
